<?xml version="1.0" encoding="UTF-8"?>
<schemalist>
  <!-- Standard GNOME Shell extension schema namespace. -->
  <schema id="org.gnome.shell.extensions.trimmeh" path="/org/gnome/shell/extensions/trimmeh/">
    <key name="aggressiveness" type="s">
      <default>'normal'</default>
      <summary>Aggressiveness level</summary>
      <description>One of: low, normal, high.</description>
    </key>
    <key name="keep-blank-lines" type="b">
      <default>false</default>
      <summary>Preserve blank lines</summary>
      <description>If true, blank lines are kept before flattening.</description>
    </key>
    <key name="strip-box-chars" type="b">
      <default>true</default>
      <summary>Strip box drawing gutters</summary>
      <description>Removes leading box drawing characters like │ when trimming.</description>
    </key>
    <key name="trim-prompts" type="b">
      <default>true</default>
      <summary>Strip shell prompts</summary>
      <description>Removes leading prompt markers like $ or #.</description>
    </key>
    <key name="enable-auto-trim" type="b">
      <default>true</default>
      <summary>Automatically trim clipboard text</summary>
      <description>When disabled, trimming only runs on demand from the UI.</description>
    </key>
    <key name="max-lines" type="i">
      <default>10</default>
      <summary>Maximum lines to process</summary>
      <description>If the clipboard text exceeds this line count it is skipped.</description>
      <range min="1" max="1000"/>
    </key>

    <!-- Global hotkeys (GNOME Shell keybindings). -->
    <key name="paste-trimmed-hotkey" type="as">
      <default>[]</default>
      <summary>Paste trimmed clipboard hotkey</summary>
      <description>Keybinding to paste a High-aggressiveness trimmed version once.</description>
    </key>
    <key name="paste-original-hotkey" type="as">
      <default>[]</default>
      <summary>Paste original clipboard hotkey</summary>
      <description>Keybinding to paste the last untrimmed clipboard once.</description>
    </key>
    <key name="toggle-auto-trim-hotkey" type="as">
      <default>[]</default>
      <summary>Toggle auto-trim hotkey</summary>
      <description>Optional keybinding to toggle auto-trim on/off.</description>
    </key>
  </schema>
</schemalist>
