<?xml version="1.0" encoding="UTF-8"?>
<schemalist>
  <schema id="org.trimmeh" path="/org/trimmeh/">
    <key name="aggressiveness" type="s">
      <default>'normal'</default>
      <summary>Aggressiveness level</summary>
      <description>One of: low, normal, high.</description>
    </key>
    <key name="keep-blank-lines" type="b">
      <default>false</default>
      <summary>Preserve blank lines</summary>
      <description>If true, blank lines are kept before flattening.</description>
    </key>
    <key name="strip-box-chars" type="b">
      <default>true</default>
      <summary>Strip box drawing gutters</summary>
      <description>Removes leading box drawing characters like │ when trimming.</description>
    </key>
    <key name="trim-prompts" type="b">
      <default>true</default>
      <summary>Strip shell prompts</summary>
      <description>Removes leading prompt markers like $ or #.</description>
    </key>
    <key name="enable-auto-trim" type="b">
      <default>true</default>
      <summary>Automatically trim clipboard text</summary>
      <description>When disabled, trimming only runs on demand from the UI.</description>
    </key>
    <key name="max-lines" type="i">
      <default>10</default>
      <summary>Maximum lines to process</summary>
      <description>If the clipboard text exceeds this line count it is skipped.</description>
      <range min="1" max="1000"/>
    </key>
    <key name="paste-trimmed-accelerator" type="as">
      <default>['&lt;Primary&gt;&lt;Alt&gt;T']</default>
      <summary>Shortcut for Paste Trimmed</summary>
      <description>Accelerator used to trigger paste-trim action from the shell extension.</description>
    </key>
    <key name="paste-original-accelerator" type="as">
      <default>['&lt;Primary&gt;&lt;Alt&gt;&lt;Shift&gt;T']</default>
      <summary>Shortcut for Paste Original</summary>
      <description>Accelerator used to trigger paste-original action from the shell extension.</description>
    </key>
    <key name="toggle-auto-accelerator" type="as">
      <default>[]</default>
      <summary>Shortcut to toggle auto-trim</summary>
      <description>Accelerator used to toggle auto-trim on/off.</description>
    </key>
  </schema>
</schemalist>
